{"std_motor": 0.0047805074043545228, "mean_sensori": 0.15199143643717, "mean_motor": 0.3638536320867935, "std_sensori": 0.0017413843539432461}