{"std_motor": 0.046418629277462882, "mean_sensori": 0.25390881780533114, "mean_motor": 0.39531033459047593, "std_sensori": 0.021828542220093942}